<?xml version="1.0" encoding="UTF-8"?>
<!-- A near-immediate acceptance of everything. -->
<!DOCTYPE cXML SYSTEM "http://xml.cXML.org/schemas/cXML/1.2.034/Fulfill.dtd">
<cXML payloadID="1233444-2001@premier.workchairs.com"
      xml:lang="en-CA" timestamp="2000-10-12T18:41:29-08:00">
    <Header>
        <From>
            <Credential domain="DUNS">
                <Identity>942888711</Identity>
            </Credential>
        </From>
        <To>
            <!-- The buying marketplace and member organization. -->
            <Credential domain="AribaNetworkUserId" type="marketplace">
                <Identity>bigadmin@marketplace.org</Identity>
            </Credential>
            <Credential domain="AribaNetworkUserId">
                <Identity>admin@acme.com</Identity>
            </Credential>
        </To>
        <Sender>
            <!-- The supplier -->
            <Credential domain="DUNS">
                <Identity>942888711</Identity>
                <SharedSecret>coyote</SharedSecret>
            </Credential>
            <UserAgent>Workchairs Order Entry</UserAgent>
        </Sender>
    </Header>
    <Request deploymentMode="test">
      <ConfirmationRequest>
        <!--
            Without the confirmID, it remains possible to update this
            confirmation.  An update would refer (in the OrderReference
            element) to the same OrderRequest document, would describe the
            status of the same items and would point to this document
            through its DocumentReference element.  However, the confirmID
            makes the update much more explicit.
        -->
        <ConfirmationHeader type="accept" noticeDate="2000-10-12T23:59:20-08:00"
                            confirmID="C999-234" invoiceID="I1010-10-12">
           <Shipping>
             <Money currency="USD">2.5</Money>
             <Description xml:lang="en-CA">FedEx 2-day</Description>
           </Shipping>
           <Tax>
             <Money currency="USD">0.19</Money>
             <Description xml:lang="en-CA">CA Sales Tax</Description>
           </Tax>
           <Contact role="shipFrom">
             <Name xml:lang="en-CA">Workchairs, Vancouver</Name>
             <PostalAddress>
               <Street>432 Lake Drive</Street>
               <City>Vancouver</City>
               <State>BC</State>
               <PostalCode>B3C 2G4</PostalCode>
               <Country isoCountryCode="CA">Canada</Country>
             </PostalAddress>
             <Phone>
               <TelephoneNumber>
                 <CountryCode isoCountryCode="CA">1</CountryCode>
                 <AreaOrCityCode>201</AreaOrCityCode>
                 <Number>921-1132</Number>
               </TelephoneNumber>
             </Phone>
           </Contact>
           <Comments xml:lang="en-CA">Look's great</Comments>
        </ConfirmationHeader>
        <!-- The orderID and orderDate attributes are not required in the
             OrderReference element. -->
        <OrderReference orderID="DO1234">
          <DocumentReference payloadID="32232995@ariba.acme.com" />
        </OrderReference>
      </ConfirmationRequest>
    </Request>
</cXML>
